<?xml version="1.0" encoding="utf-8"?><!DOCTYPE nta PUBLIC '-//Uppaal Team//DTD Flat System 1.1//EN' 'http://www.it.uu.se/research/group/darts/uppaal/flat-1_1.dtd'><nta><declaration>// Place global declarations here.
int r; //resistance
int[-20,0] t; //temprature
chan o;

 </declaration><template><name x="5" y="5">CyberPhyscialSystem</name><declaration>// Place local declarations here.
</declaration><location id="id0" x="162" y="-26"><name x="152" y="-56">minus_0</name></location><location id="id1" x="-24" y="0"><name x="-48" y="-32">minus_10</name></location><location id="id2" x="-200" y="-40"><name x="-216" y="-16">minus_20</name></location><location id="id3" x="-16" y="-208"></location><init ref="id3"/><transition><source ref="id0"/><target ref="id0"/><label kind="guard" x="160" y="56">r&gt;761</label><label kind="synchronisation" x="208" y="8">o?</label><nail x="176" y="64"/><nail x="216" y="-24"/></transition><transition><source ref="id1"/><target ref="id1"/><label kind="guard" x="-80" y="112">r&gt;=698 and r&lt;802</label><label kind="synchronisation" x="-104" y="96">o?</label><nail x="-88" y="96"/><nail x="24" y="96"/></transition><transition><source ref="id2"/><target ref="id2"/><label kind="guard" x="-248" y="-104">r&lt;=733</label><label kind="synchronisation" x="-260" y="-55">o?</label><nail x="-240" y="-32"/><nail x="-224" y="-72"/></transition><transition><source ref="id3"/><target ref="id0"/><label kind="guard" x="72" y="-168">r&gt;=802</label><label kind="synchronisation" x="80" y="-136">o?</label><label kind="assignment" x="88" y="-152">t=0</label></transition><transition><source ref="id3"/><target ref="id1"/><label kind="guard" x="-64" y="-136">r&gt;733 and r&lt;802</label><label kind="synchronisation" x="-48" y="-104">o?</label><label kind="assignment" x="-32" y="-120">t=-10</label></transition><transition><source ref="id1"/><target ref="id2"/><label kind="guard" x="-16" y="-16">r&lt;698</label><label kind="synchronisation" x="-96" y="-64">o?</label><label kind="assignment" x="-160" y="16">t=-20</label><nail x="-104" y="24"/></transition><transition><source ref="id0"/><target ref="id1"/><label kind="guard" x="72" y="16">r&lt;761</label><label kind="synchronisation" x="40" y="24">o?</label><label kind="assignment" x="72" y="32">t=-10</label><nail x="56" y="24"/></transition><transition><source ref="id1"/><target ref="id0"/><label kind="guard" x="40" y="-56">r&gt;802</label><label kind="synchronisation" x="8" y="-72">o?</label><label kind="assignment" x="48" y="-80">t=0</label><nail x="56" y="-96"/><nail x="128" y="-56"/><nail x="120" y="-64"/></transition><transition><source ref="id2"/><target ref="id1"/><label kind="guard" x="-120" y="-88">r&gt;733</label><label kind="synchronisation" x="-172" y="-35">o?</label><label kind="assignment" x="-120" y="-72">t=-10</label><nail x="-88" y="-76"/><nail x="-88" y="-76"/></transition><transition><source ref="id3"/><target ref="id2"/><label kind="guard" x="-168" y="-162">r&lt;=733</label><label kind="synchronisation" x="-168" y="-139">o?</label><label kind="assignment" x="-168" y="-132">t=-20</label></transition></template><template><name>ResistanceChange</name><location id="id4" x="-176" y="-72"><name x="-186" y="-102">increase</name></location><location id="id5" x="0" y="-80"><name x="-10" y="-110">decrease</name></location><location id="id6" x="-64" y="-208"></location><init ref="id6"/><transition><source ref="id5"/><target ref="id5"/><label kind="guard" x="96" y="-168">r&gt;700</label><label kind="synchronisation" x="96" y="-88">o!</label><label kind="assignment" x="80" y="-120">r=r-10</label><nail x="88" y="-24"/><nail x="88" y="-160"/></transition><transition><source ref="id5"/><target ref="id4"/><label kind="guard" x="-120" y="8">r&lt;=700</label><label kind="synchronisation" x="-56" y="-24">o!</label><nail x="-88" y="-8"/></transition><transition><source ref="id4"/><target ref="id4"/><label kind="guard" x="-400" y="-118">r&lt;900</label><label kind="synchronisation" x="-236" y="-87">o!</label><label kind="assignment" x="-400" y="-88">r=r+10</label><nail x="-412" y="-152"/><nail x="-404" y="-16"/></transition><transition><source ref="id4"/><target ref="id5"/><label kind="guard" x="-112" y="-104">r&gt;=900</label><label kind="synchronisation" x="-148" y="-91">o!</label></transition><transition><source ref="id6"/><target ref="id4"/><label kind="synchronisation" x="-180" y="-155">o!</label><label kind="assignment" x="-180" y="-140">r=700</label></transition></template><system>// Place template instantiations here.
P1 = ResistanceChange();
P2= CyberPhyscialSystem();
// List one or more processes to be composed into a system.
system P1,P2;</system></nta>