<?xml version="1.0" encoding="utf-8"?><!DOCTYPE nta PUBLIC '-//Uppaal Team//DTD Flat System 1.1//EN' 'http://www.it.uu.se/research/group/darts/uppaal/flat-1_1.dtd'><nta><declaration>// Place global declarations here.
int y;
chan press;</declaration><template><name x="5" y="5">lamp</name><declaration>// Place local declarations here.
</declaration><location id="id0" x="-616" y="-72"><name x="-626" y="-102">fluctuate</name></location><location id="id1" x="-64" y="-72"><name x="-74" y="-102">bright</name></location><location id="id2" x="-232" y="-72"><name x="-232" y="-104">low</name></location><location id="id3" x="-392" y="-72"><name x="-402" y="-102">off</name></location><init ref="id3"/><transition><source ref="id0"/><target ref="id3"/><label kind="guard" x="-536" y="-8">y&lt;=0</label><nail x="-592" y="0"/><nail x="-400" y="-64"/><nail x="-400" y="-72"/></transition><transition><source ref="id3"/><target ref="id0"/><label kind="synchronisation" x="-564" y="-87">press?</label></transition><transition><source ref="id1"/><target ref="id3"/><label kind="synchronisation" x="-288" y="-87">press?</label><nail x="-64" y="88"/><nail x="-400" y="88"/></transition><transition><source ref="id2"/><target ref="id1"/><label kind="guard" x="-176" y="-72">y&lt;5</label><label kind="synchronisation" x="-192" y="-96">press?</label></transition><transition><source ref="id3"/><target ref="id2"/><label kind="synchronisation" x="-344" y="-152">press?</label><nail x="-352" y="-152"/><nail x="-264" y="-152"/></transition><transition><source ref="id2"/><target ref="id3"/><label kind="guard" x="-336" y="16">y&gt;=5</label><label kind="synchronisation" x="-372" y="-87">press?</label><nail x="-264" y="16"/><nail x="-384" y="16"/></transition></template><template><name>user</name><location id="id4" x="0" y="0"><name x="-10" y="-30">idle</name></location><init ref="id4"/><transition><source ref="id4"/><target ref="id4"/><label kind="synchronisation" x="64" y="-16">press!</label><nail x="48" y="-72"/><nail x="48" y="96"/></transition></template><system>// Place template instantiations here.
Process1 = lamp();
Process2 = user();

// List one or more processes to be composed into a system.
system Process1,Process2;</system></nta>